--TABLE 삭제(DROP TABLE 테이블이름)
DROP TABLE EMP; -- EMP(사원)
DROP TABLE DEPT; -- DEPT(부서)
DROP TABLE SALGRADE;  --SALGRADE(급여)

--TABLE 생성(CREATE TABLE 테이블이름)
CREATE TABLE DEPT(
        DEPTNO NUMBER(2) CONSTRAINT PK_DEPT PRIMARY KEY, --DNO (부서번호)
         DNAME VARCHAR2(14), --DNAME (부서이름)
	 LOC   VARCHAR2(13) ) ; -LOC   (부서위치)
-TABLE 안에 데이터 삽입(INSERT INTO  TABLE(테이블이름) VALUES (VALUE1, VALUES2, VALUES3 )
INSERT INTO DEPT VALUES (10,'ACCOUNTING','NEW YORK'); --'ACCOUNTING'(문자형-Varchar2 형태)
INSERT INTO DEPT VALUES (20,'RESEARCH','DALLAS');
INSERT INTO DEPT VALUES (30,'SALES','CHICAGO');
INSERT INTO DEPT VALUES (40,'OPERATIONS','BOSTON');

CREATE TABLE EMP 
        (EMPNO NUMBER(4) CONSTRAINT PK_EMP PRIMARY KEY, ----사원번호
	 ENAME VARCHAR2(10), --사원이름
 	 JOB   VARCHAR2(9),  --사원업무
	 MGR  NUMBER(4), --사원의 관리자
	 HIREDATE DATE, --입사일(DATE 타입)
	 SAL NUMBER(7,2), --월급
	 COMM NUMBER(7,2), --인센티브/보너스
	 DNO NUMBER(2) CONSTRAINT FK_DNO REFERENCES DEPT);
INSERT INTO EMP VALUES
(7369,'SMITH','CLERK',    7902,to_date('17-12-1980','dd-mm-yyyy'),800,NULL,20);
INSERT INTO EMP VALUES
(7499,'ALLEN','SALESMAN', 7698,to_date('20-2-1981', 'dd-mm-yyyy'),1600,300,30);
INSERT INTO EMP VALUES
(7521,'WARD','SALESMAN',  7698,to_date('22-2-1981', 'dd-mm-yyyy'),1250,500,30);
INSERT INTO EMP VALUES
(7566,'JONES','MGR',  7839,to_date('2-4-1981',  'dd-mm-yyyy'),2975,NULL,20);
INSERT INTO EMP VALUES
(7654,'MARTIN','SALESMAN',7698,to_date('28-9-1981', 'dd-mm-yyyy'),1250,1400,30);
INSERT INTO EMP VALUES
(7698,'BLAKE','MGR',  7839,to_date('1-5-1981',  'dd-mm-yyyy'),2850,NULL,30);
INSERT INTO EMP VALUES
(7782,'CLARK','MGR',  7839,to_date('9-6-1981',  'dd-mm-yyyy'),2450,NULL,10);
INSERT INTO EMP VALUES
(7788,'SCOTT','ANALYST',  7566,to_date('13-07-1987', 'dd-mm-yyyy'),3000,NULL,20);
INSERT INTO EMP VALUES
(7839,'KING','PRESIDENT', NULL,to_date('17-11-1981','dd-mm-yyyy'),5000,NULL,10);
INSERT INTO EMP VALUES
(7844,'TURNER','SALESMAN',7698,to_date('8-9-1981',  'dd-mm-yyyy'),1500,0,30);
INSERT INTO EMP VALUES
(7876,'ADAMS','CLERK',    7788,to_date('13-07-1987', 'dd-mm-yyyy'),1100,NULL,20);
INSERT INTO EMP VALUES
(7900,'JAMES','CLERK',    7698,to_date('3-12-1981', 'dd-mm-yyyy'),950,NULL,30);
INSERT INTO EMP VALUES
(7902,'FORD','ANALYST',   7566,to_date('3-12-1981', 'dd-mm-yyyy'),3000,NULL,20);
INSERT INTO EMP VALUES
(7934,'MILLER','CLERK',   7782,to_date('23-1-1982', 'dd-mm-yyyy'),1300,NULL,10);

CREATE TABLE SALGRADE --급여
        (GRADE NUMBER, --급여 등급
	 LOSAL NUMBER, --급여 하한 금액
	 HISAL NUMBER ); --급여 상한 금액

INSERT INTO SALGRADE VALUES (1, 700,1200);
INSERT INTO SALGRADE VALUES (2,1201,1400);
INSERT INTO SALGRADE VALUES (3,1401,2000);
INSERT INTO SALGRADE VALUES (4,2001,3000);
INSERT INTO SALGRADE VALUES (5,3001,9999);

--Rollback(Undo-작업 취소)
COMMIT; --작업 저장

--TABLE 생성 확인
SELECT COUNT(*) FROM EMP; -- EMP(사원)
SELECT COUNT(*) FROM DEPT; -- DEPT(부서)
SELECT COUNT(*) FROM SALGRADE;  --SALGRADE(급여)


